Date,Index Reference Period,Consumer Price Index,Food and non-alcoholic beverages,"Alcoholic Beverages, Tobacco, and Narcotics",Clothing and footwear,"Housing, Water, Electricity, Gas and Other Fuels","Furnishings, household equipment and routine household maintenance",Health,Transport,Communication,Recreation and culture,Education,Restaurants and hotels,Miscellaneous goods and services
01-Jan-1996,2007A,14.2769247,14.41015782,14.10236804,30.07435604,9.07136947,37.3610735,18.35147892,13.13222694,13.06689248,4.03377761,12.26598785,21.17367242,21.19471981
01-Feb-1996,2007A,15.29411808,15.5424373,15.21046291,36.55554477,9.244025989,43.97223649,21.37153935,12.69990004,12.63671646,3.853126214,13.52402644,23.48309675,23.50643979
01-Mar-1996,2007A,16.36367593,17.08123111,16.71638928,36.43056855,9.601142889,44.92368925,21.82381471,13.02820031,12.96338339,4.008360379,12.91800643,23.77794168,23.8015778
01-Apr-1996,2007A,17.29841176,18.31817908,17.92691701,44.14199196,13.28374837,21.48041459,21.12452608,12.97672767,12.91216684,4.03314743,12.95507324,24.46474777,24.4890666
01-May-1996,2007A,18.81752978,19.73251513,19.31104393,42.0356219,13.5792451,51.57655975,21.33625174,12.84242302,12.77853036,4.285429205,14.04318507,26.83321878,26.85989196
01-Jun-1996,2007A,23.27703496,23.54230536,23.03946,51.07361583,15.29200577,58.42701962,22.76732155,22.75598809,22.64277422,3.884215059,23.75156306,31.47848306,31.50977379
01-Jul-1996,2007A,24.3941587,25.19339725,24.65528586,44.87883094,15.52928344,82.82331108,24.98240521,20.74736574,20.64414501,5.284263373,19.35668989,31.46954836,31.50083022
01-Aug-1996,2007A,27.50686573,30.73820492,30.08166073,44.34247465,17.39169309,57.07465335,26.39478307,18.16854335,18.07815259,6.900043062,22.7020811,33.45227364,33.4855264
01-Sep-1996,2007A,26.44119721,27.59791158,27.00844163,44.28519388,18.08131883,58.47498327,30.800843,21.94691609,21.83772745,7.085735892,31.13745981,35.37245606,35.40761754
01-Oct-1996,2007A,27.5918792,28.51560872,27.90653747,50.79957943,19.38934701,59.61829061,35.09876911,23.17706886,23.06176006,6.644610392,23.08704001,40.14358299,40.18348715
01-Nov-1996,2007A,28.66196978,30.49334262,29.84202851,46.91294912,21.24955594,57.85823334,29.74972641,23.54570378,23.42856098,5.856046045,22.07283851,35.16268496,35.19763793
01-Dec-1996,2007A,28.4940013,30.10924023,29.46613025,46.79773667,20.90084179,58.95514107,30.51749397,23.59793337,23.48053072,3.43300669,24.72423187,36.75189521,36.78842791
01-Jan-1997,2007A,28.359058,27.40764858,26.82224249,50.75987344,22.1124384,59.77052306,31.90157187,31.09174381,30.93705851,4.560817553,43.36124509,37.73199237,37.76949932
01-Feb-1997,2007A,29.52415769,28.95073402,28.33236883,55.31304359,22.15945379,61.02852607,29.05550382,31.47735604,31.32075228,3.395405993,36.91362987,42.17758565,42.21951168
01-Mar-1997,2007A,30.69483157,30.14929561,29.50533007,54.39524946,22.09983428,63.45851036,32.04394515,32.81759106,32.65431946,5.982502022,46.53916577,42.19506657,42.23700998
01-Apr-1997,2007A,30.43792933,29.40088009,28.77290013,57.58019036,22.92630482,63.40116252,33.18869619,33.62482475,33.45753706,5.162008591,48.19355127,41.23128495,41.27227032
01-May-1997,2007A,31.04959004,29.94472711,29.30513099,62.97955367,24.11749475,66.19348087,32.8630719,34.30024091,34.12959295,6.408713279,47.06636299,40.10745575,40.14732399
01-Jun-1997,2007A,32.32380093,32.50493285,31.81065273,63.52176822,21.55345542,65.92342469,30.68240241,32.86809047,32.70456763,8.157040678,46.45699357,43.55119783,43.59448928
01-Jul-1997,2007A,33.99788981,34.81979945,34.07607557,65.66133509,24.47801276,67.07507353,32.55107353,31.76521352,31.60717763,7.841740975,35.94542694,45.86955686,45.91515284
01-Aug-1997,2007A,36.13078313,37.40456294,36.60563053,69.67749804,27.3063386,68.5410928,33.39011507,31.92017211,31.76136529,8.441251536,37.06413005,47.00465154,47.05137585
01-Sep-1997,2007A,35.12664823,35.60302499,34.84257203,70.47031595,26.91741129,69.14845853,32.43822305,32.14206676,31.98215598,8.425917173,37.65295641,49.16257453,49.21144388
01-Oct-1997,2007A,33.78716081,33.35110254,32.63874889,72.00452925,26.9150105,70.39082123,33.4171922,31.95542438,31.79644217,8.383485102,38.13906752,49.66485975,49.7142284
01-Nov-1997,2007A,36.47576996,37.61986056,36.81632955,72.44585153,26.84838869,73.47665624,33.7443887,32.39651028,32.23533361,8.62337335,30.04599857,50.63446835,50.68480082
01-Dec-1997,2007A,37.1188813,38.27290614,37.4554266,72.64958881,27.27232747,77.11720124,33.67608447,32.02992994,31.87057706,8.619802334,39.32542872,51.22881978,51.27974306
01-Jan-1998,2007A,36.82210675,37.84803311,37.03962852,74.60885145,26.580501,79.7520737,33.66909682,31.89238121,31.73371265,8.832802932,37.67662558,51.73537812,51.78680493
01-Feb-1998,2007A,35.62725255,35.66024694,34.89857177,73.73271606,25.54136084,95.69320852,33.9613551,32.34179357,32.18088912,8.966611001,39.71730975,50.66360323,50.71396466
01-Mar-1998,2007A,35.11397352,34.93948871,34.19320836,73.45086865,24.25954125,98.23163235,33.10309753,32.8911234,32.72748597,9.518648055,39.16019114,50.46626301,50.51642828
01-Apr-1998,2007A,35.63033391,35.36579229,34.61040643,70.359009,23.71216207,107.4573354,33.82998736,34.73635256,34.56353489,12.00995683,38.88576277,48.79508665,48.84359071
01-May-1998,2007A,39.05560702,39.97859732,39.12468553,70.40847875,24.12709789,106.0575268,33.10327222,38.26817569,38.07778676,12.01205743,43.09396213,49.28804872,49.3370428
01-Jun-1998,2007A,40.97468739,42.87450521,41.95873908,67.31141177,25.94309235,103.1119333,34.52648094,37.70511262,37.51752499,12.80377267,41.39938371,50.14772173,50.19757036
01-Jul-1998,2007A,43.37803137,46.4697131,45.47715612,68.62691668,25.46213491,105.7035342,34.92512612,37.72057604,37.53291148,12.1985905,40.85030368,53.66954527,53.72289472
01-Aug-1998,2007A,43.34859235,46.12208971,45.1369577,69.20623354,27.19070075,106.7587345,34.53032414,36.3310311,36.1502797,12.97791222,43.16809575,55.24321692,55.29813066
01-Sep-1998,2007A,43.13412329,45.18865653,44.22346193,72.48881211,27.05145517,105.2421448,38.21700595,37.86309901,37.67472538,10.92940942,45.65603787,57.70258874,57.75994717
01-Oct-1998,2007A,43.35411224,45.43280355,44.46239416,74.53334498,27.68706323,104.4100798,37.07871849,37.37832625,37.19236443,15.70112697,43.07587531,57.85991706,57.91743188
01-Nov-1998,2007A,48.94770186,52.43087524,51.31099247,75.61712315,37.77736624,106.1607529,38.5118846,36.99758013,36.81351256,14.48677149,44.41318328,58.12174245,58.17951755
01-Dec-1998,2007A,46.90292383,48.77743623,47.73558808,77.76254829,37.74895694,105.3245172,39.18479487,38.15787718,37.968037,15.7072187,45.69533762,58.4185297,58.47659981
01-Jan-1999,2007A,42.77032093,41.98851857,41.09167643,82.06511508,38.65465342,107.1961421,40.15904736,37.18887234,37.00385308,15.71961223,45.1310736,58.67103194,58.72935305
01-Feb-1999,2007A,43.20634267,42.57790473,41.66847376,82.19334589,37.60030828,107.6351137,38.75470528,38.67801034,38.48558243,15.48140446,44.29483744,59.28752587,59.34645979
01-Mar-1999,2007A,44.16406263,43.23524197,42.31177078,86.53757142,39.68278998,105.1978306,40.93118219,38.8944982,38.70099324,15.6952453,46.22186495,63.06457091,63.12725935
01-Apr-1999,2007A,44.55370007,44.35774603,43.41029903,81.78977684,37.25299459,104.3313569,41.19356829,39.37245841,39.17657553,15.69335476,46.27478564,62.83188039,62.89433752
01-May-1999,2007A,46.13478408,45.68696441,44.71112634,84.79766808,37.6095113,106.1075758,41.25069229,43.64760697,43.4304547,16.92010377,45.91394248,64.40050199,64.4645184
01-Jun-1999,2007A,50.71264128,48.93717159,47.89191161,86.60591779,38.70186888,111.1807741,42.13026218,60.08121966,59.78230812,17.07596811,46.71288853,67.8228785,67.89029687
01-Jul-1999,2007A,51.42552638,50.70342267,49.62043694,88.1733279,38.53701491,116.0944411,42.9420519,53.86546616,53.59747877,19.82439004,63.15737763,68.40518751,68.47318472
01-Aug-1999,2007A,51.00719547,51.00169212,49.91233559,89.170534,40.01609908,109.5776413,42.30495332,49.44163088,49.19565262,18.28906324,64.1356288,66.63223333,66.69846815
01-Sep-1999,2007A,49.74968837,48.08790237,47.06078213,90.17294744,44.41413876,108.1976438,43.23046697,47.90588635,47.66754861,20.72785708,65.02411576,69.40665024,69.47564294
01-Oct-1999,2007A,49.87444407,48.38617182,47.35268077,89.66262787,44.61260373,109.4608603,42.64892017,48.01034553,47.77148809,22.57953388,63.98468203,67.07935652,67.1460358
01-Nov-1999,2007A,52.5599483,50.85792195,49.77163624,88.41546933,47.93949277,108.0730426,42.60332578,52.66050902,52.39851644,22.59465818,65.35637728,70.05732909,70.12696858
01-Dec-1999,2007A,50.63939088,48.95243078,47.90684488,89.25189873,46.08728646,104.4377111,42.72630835,51.02473889,50.77088446,23.06939324,63.33556627,65.80169519,65.86710443
01-Jan-2000,2007A,49.80444022,48.1813649,47.15224837,94.04721031,47.98910901,98.70084193,43.16268681,45.50440667,45.27801659,23.05847013,62.46003037,69.04498934,69.11362253
01-Feb-2000,2007A,49.79906846,47.67113578,46.65291735,91.76834702,49.98436215,98.69145774,43.20793182,45.93976137,45.71120534,24.29467183,63.75022329,68.85969154,68.92814054
01-Mar-2000,2007A,49.91531628,46.612768,45.61715548,96.24470887,50.72040309,104.2083197,44.53558448,48.60855273,48.36671914,24.29824285,63.49522151,72.39705369,72.46901895
01-Apr-2000,2007A,49.48849004,45.95376179,44.97222513,90.09223363,50.09339784,105.771309,45.18333923,48.99935549,48.7555776,24.26946466,63.8361915,72.98557814,73.05812842
01-May-2000,2007A,50.06066582,47.37072051,46.35891871,84.65446616,49.79710085,100.125675,44.98908268,49.54695514,49.30045288,24.27492622,62.34324759,69.86231967,69.93176531
01-Jun-2000,2007A,51.70782749,49.48554868,48.42857579,85.42385103,50.6507803,103.3939804,43.48184753,50.8332304,50.58032875,27.93878859,64.31069132,68.44209169,68.51012558
01-Jul-2000,2007A,54.46523637,54.93498641,53.76161777,85.68682183,48.79277209,101.4498887,46.24022062,46.93288049,46.69938357,27.96861707,63.90429618,70.48192132,70.55198287
01-Aug-2000,2007A,55.07457501,56.0903931,54.89234587,88.35428305,49.4819977,96.91106805,47.05532948,45.74630644,45.51871287,27.9392087,64.70525188,70.25389237,70.32372726
01-Sep-2000,2007A,53.43406496,53.55426827,52.41039069,89.23432394,49.35535624,95.80894689,46.21541448,45.76187799,45.53420696,27.95118211,64.38504823,69.68751043,69.75678231
01-Oct-2000,2007A,50.58229631,48.7557303,47.71434577,89.88393993,50.12920956,96.85893366,47.86904081,45.68250632,45.45523017,27.96315552,63.93779028,69.72557999,69.79488972
01-Nov-2000,2007A,51.98561566,50.36009093,49.2844385,93.2140355,50.58055731,99.13512147,48.6520065,47.29978523,47.06446292,29.17583052,64.36964094,70.38130889,70.45127043
01-Dec-2000,2007A,51.55573105,49.96668997,48.89944028,95.25271011,49.66745841,97.99233547,49.87763953,45.8181086,45.59015781,30.38724517,65.77125759,71.41889886,71.4898918
01-Jan-2001,2007A,50.38969506,48.50657636,47.47051356,91.12198562,52.16007436,91.42809344,49.88183212,42.75786567,42.54513997,30.36560902,64.7304841,71.29187081,71.36273748
01-Feb-2001,2007A,49.6948648,47.18880237,46.1808862,94.17153561,52.30232092,94.75791743,50.09530469,42.90028051,42.68684628,30.34439298,64.68604859,71.29187081,71.36273748
01-Mar-2001,2007A,49.98060313,47.36881311,46.35705205,96.14902395,53.06056913,93.57029584,51.65057991,42.99554814,42.78163994,30.42085473,65.17684887,72.05287371,72.12449685
01-Apr-2001,2007A,49.73049937,47.38097277,46.368952,96.1438166,52.92412446,96.60868855,52.29973219,43.07232455,42.85803438,30.42610623,43.26254912,72.49222761,72.56428748
01-May-2001,2007A,51.52497189,49.61382123,48.55410855,97.88176718,52.51639099,98.27229718,56.26766674,43.07481168,42.86050913,30.44522167,66.95181315,72.64528281,72.71749483
01-Jun-2001,2007A,53.64146413,51.99496993,50.88439776,97.57778856,52.72205832,98.13205565,56.29980991,42.93737108,42.72375232,63.77561416,67.03420865,72.71481805,72.78709918
01-Jul-2001,2007A,55.88014441,55.62308045,54.43501465,99.08531423,52.27491195,98.54078933,53.6065966,43.03458516,42.82048275,63.7817059,67.03420865,73.48436718,73.55741327
01-Aug-2001,2007A,56.98673929,57.268927,56.0457072,99.63859438,52.33593192,98.6210763,53.6874786,43.10130495,42.88687059,65.00194305,67.47789389,74.08221479,74.15585516
01-Sep-2001,2007A,53.71056062,51.70099213,50.59669909,99.94192208,54.11831538,95.90852358,53.74757235,43.13471891,42.92011831,63.71994833,67.60003573,74.38987906,74.46382526
01-Oct-2001,2007A,51.79779247,48.33276466,47.30041435,99.99529735,55.35431998,96.00184416,54.4543727,43.24198961,43.02685534,63.70566426,67.60003573,74.39415217,74.46810262
01-Nov-2001,2007A,52.77377955,48.31130643,47.27941445,98.43244366,61.7690198,95.5613085,54.96447083,45.02850104,44.80447865,63.78044554,67.7956413,74.13543449,74.20912777
01-Dec-2001,2007A,53.71988902,47.82205869,46.80061666,102.2429166,63.5035876,95.81572436,55.9766313,52.79513809,52.53247571,62.57050131,66.28795999,74.65248139,74.72668863
01-Jan-2002,2007A,61.78374807,60.96331961,59.66119046,101.3882615,62.82276474,95.31627683,55.55195714,52.75793937,52.49546206,63.7764544,67.14786531,74.4660182,74.54004008
01-Feb-2002,2007A,61.55911707,60.04347665,58.76099463,100.4275068,65.72871599,95.0196321,55.66830143,52.78226993,52.51967157,63.76784195,67.11146838,74.47534135,74.54937251
01-Mar-2002,2007A,61.61313577,60.14313823,58.85852751,101.5047758,65.32238298,95.22660566,56.37440302,52.81654897,52.55378007,63.76889225,67.2157467,74.72240508,74.79668183
01-Apr-2002,2007A,61.54357616,60.50530553,59.2129592,95.74805857,62.37821922,99.08976454,56.47589857,52.84963853,52.586705,63.76006974,67.52567881,75.66132495,75.73653502
01-May-2002,2007A,62.1892824,61.61135828,60.29538752,96.5382728,61.80763244,99.29725944,57.09011262,53.01800595,52.75423478,63.75481825,67.34905323,75.51798137,75.59304895
01-Jun-2002,2007A,64.53632606,65.2106194,63.81777121,96.56951686,62.65510986,99.33375352,58.81326602,53.21005512,52.94532848,61.30783208,67.17912647,75.78407989,75.85941197
01-Jul-2002,2007A,65.01519063,66.67526308,65.25113124,94.65842214,62.94400442,107.734169,59.91242268,49.70104865,49.45377975,61.2868261,67.21530011,73.11959856,73.19228206
01-Aug-2002,2007A,67.96246532,71.05918028,69.54141138,94.21059068,63.79788394,112.4299143,59.94771029,49.77955523,49.53189575,61.28850658,67.11057521,73.91828257,73.99175999
01-Sep-2002,2007A,66.88107016,69.0211249,67.54688728,94.57575558,65.74091998,111.2527195,58.2479655,49.32192456,49.07654185,61.68446923,67.20659164,74.47650675,74.55053906
01-Oct-2002,2007A,65.19168712,66.26541081,64.8500331,93.96128915,65.80534107,112.4184447,59.13417365,49.29672892,49.05147156,61.61493945,66.59096999,74.50874934,74.58281371
01-Nov-2002,2007A,65.59685875,66.77373253,65.34749747,93.48937373,63.24810397,112.0983395,61.49966637,52.44575134,52.1848272,61.69602252,66.40429618,74.14825384,74.22195986
01-Dec-2002,2007A,65.93674944,67.26584136,65.82909524,94.78404928,63.8607045,114.3854755,61.49966637,52.26689474,52.00686044,61.69497222,66.62513398,72.83796145,72.91036499
01-Jan-2003,2007A,67.07356042,68.87830843,67.40712126,94.20863793,64.72958893,114.6351993,56.89288632,52.22039635,51.96059338,63.84682442,67.55537692,73.54691004,73.6200183
01-Feb-2003,2007A,66.34453646,67.87930843,66.42945912,91.62058867,62.92059676,114.3041459,61.46542691,52.26635406,52.00632245,65.94826228,67.14719543,74.45242192,74.52643029
01-Mar-2003,2007A,65.87205369,67.14400628,65.70986245,92.31902349,62.94660528,114.4412593,61.16041618,52.32355789,52.06324169,65.35715411,67.9939264,73.8180586,73.89143639
01-Apr-2003,2007A,56.57326348,52.2031148,51.08809681,91.97664072,62.54267305,115.337971,61.16321124,52.41428382,52.15351624,65.36429614,68.32730439,73.56555636,73.63868316
01-May-2003,2007A,67.29444985,69.30032037,67.82011935,91.17405905,62.94460462,114.0090652,61.99526513,52.54966984,52.28822869,65.35925471,69.24973205,74.66840845,74.74263152
01-Jun-2003,2007A,69.10000395,72.29088291,70.7468058,90.40727786,63.19628701,114.5356226,61.59819217,51.90539678,51.64716098,65.18826606,68.61580029,75.04055791,75.11515091
01-Jul-2003,2007A,72.57473531,77.37052375,75.71794945,90.99245298,65.62528213,113.2797049,62.09606192,52.6622392,52.40023801,64.96833349,67.7431672,74.23488153,74.30867366
01-Aug-2003,2007A,72.69006816,76.26780895,74.63878778,91.01783877,69.53436175,113.9981169,62.73211236,54.07914249,53.81009203,75.30999569,67.37227581,72.89661966,72.96908151
01-Sep-2003,2007A,69.09752928,70.44094472,68.93638085,91.06014843,69.43672979,113.9136592,62.87378688,55.46057724,55.18465397,72.94766361,67.45958378,70.9946951,71.06526636
01-Oct-2003,2007A,69.42120405,70.59091393,69.08314684,92.12049356,70.31921867,114.0956083,63.70322041,55.65046369,55.37359571,74.3880434,69.14991961,71.39597943,71.46694958
01-Nov-2003,2007A,72.34373772,74.719955,73.1239948,94.58682118,70.82618462,113.9522387,63.16866552,55.65641116,55.37951359,78.63125059,69.44779385,75.0650312,75.13964853
01-Dec-2003,2007A,71.38031025,73.33899843,71.77253439,92.20576379,70.33302319,113.4011781,63.34772394,55.73437707,55.45709161,78.67263236,69.37723294,74.58721927,74.66136164
01-Jan-2004,2007A,71.2704404,72.53932158,70.98993801,93.05260788,72.67258903,112.6566989,64.21978211,56.341127,56.06082289,79.32255727,69.38594141,74.62645423,74.7006356
01-Feb-2004,2007A,72.91823087,74.36303304,72.77469641,91.41424772,77.08743421,114.017928,66.93081391,56.13112729,55.85186795,77.02471353,69.76933726,74.68200473,74.75624131
01-Mar-2004,2007A,71.94384748,73.41410225,71.84603405,90.8290726,72.02757789,115.1826105,68.28327271,56.20736303,55.9277244,87.17312075,69.55810111,74.77484786,74.84917673
01-Apr-2004,2007A,72.00211644,73.60722636,72.03503317,90.19247498,72.60356644,114.8875298,69.12266364,56.22996341,55.95021234,80.66672968,69.68828153,74.54876124,74.62286537
01-May-2004,2007A,73.52429809,74.60241156,73.008962,91.17015354,72.97028648,115.110665,68.37393741,62.87425905,62.5614518,80.6562267,70.34945516,74.3638519,74.43777223
01-Jun-2004,2007A,74.14749523,75.80359582,74.18448989,89.50966218,73.45584543,113.7400517,65.40610964,62.66415121,62.35238926,81.86175967,69.77871561,72.63207501,72.70427389
01-Jul-2004,2007A,76.54206259,80.00011111,78.29137087,87.32062555,72.62477338,113.8677809,61.06416136,62.76136529,62.44911969,82.57323208,70.11187031,71.43016434,71.50116848
01-Aug-2004,2007A,77.86806843,82.06177055,80.30899487,86.96457351,72.73921084,113.2984733,59.61841749,62.7269781,62.41490359,83.33910998,70.70426938,72.2572063,72.32903254
01-Sep-2004,2007A,77.82902855,81.73012162,79.9844297,87.7717116,73.85117484,111.0160294,58.55961449,62.77866701,62.46633534,84.58413419,69.82493748,73.28042306,73.35326643
01-Oct-2004,2007A,77.54660819,81.19342735,79.4591988,86.90468907,73.39442532,111.3022472,61.38768935,63.65975745,63.34304224,83.02570081,69.08114505,73.35151216,73.42442618
01-Nov-2004,2007A,76.77701819,80.35607937,78.63973593,90.65267387,71.3219469,114.9459203,55.15453479,62.962606,62.6493592,85.25674554,70.15429618,73.57138334,73.64451592
01-Dec-2004,2007A,76.56546618,80.24568868,78.53170309,89.60599802,71.70087094,102.2887312,56.93586035,62.99277588,62.67937899,82.18462152,68.70444802,75.10815081,75.182811
01-Jan-2005,2007A,77.20064171,80.53704381,78.81683511,89.19526888,75.75339752,92.42281775,56.00108806,63.29566424,62.98076044,82.18231087,70.12973383,76.48253993,76.55856631
01-Feb-2005,2007A,76.90046678,79.6830061,77.98103898,90.37863747,76.62448266,92.05579159,54.96674182,63.73166776,63.41459478,86.85530033,70.95011611,75.96355071,76.0390612
01-Mar-2005,2007A,76.86922771,79.48582877,77.7880732,91.04387548,77.10163886,93.86329116,53.95283444,63.52112737,63.20510186,85.98964405,71.74950875,76.70085725,76.77710065
01-Apr-2005,2007A,78.32567803,81.87818343,80.12932903,90.36106269,77.34631895,93.725135,57.48648682,63.29566424,62.98076044,86.59440611,71.17921579,75.52303142,75.59810401
01-May-2005,2007A,80.02713206,83.49231948,81.70898838,91.55159138,82.61084227,95.63951009,60.04693485,63.29966526,62.98474156,86.50408041,72.39460522,74.87507182,74.94950032
01-Jun-2005,2007A,82.28739469,86.76088537,84.90774024,87.57318167,84.69812553,94.76260952,58.44292081,63.40790919,63.09244696,86.15054983,73.57761701,75.35909919,75.43400884
01-Jul-2005,2007A,87.16632206,94.89856297,92.87160337,83.61429949,84.78115271,93.98737103,59.6930106,63.92933998,63.61128357,89.34660911,73.87392819,70.33663541,70.40655255
01-Aug-2005,2007A,87.63168457,95.74139472,93.69643289,86.81681516,85.06604597,92.99629612,55.18877426,64.15101836,63.83185906,83.12947033,73.24624866,71.1644543,71.23519431
01-Sep-2005,2007A,83.86876946,88.81181569,86.91486428,92.14262476,86.57574016,96.12592402,58.72923959,63.77567902,63.45838709,80.67807291,74.25397463,76.36794276,76.44385523
01-Oct-2005,2007A,81.949545,85.45550947,83.63024616,92.59045622,87.15552995,94.10258804,59.98422073,63.79157498,63.47420396,81.9205764,74.1280368,77.85925983,77.93665472
01-Nov-2005,2007A,82.35861272,85.58640469,83.75834556,92.14067201,89.03674576,93.73764726,60.61939772,64.07478263,63.75600261,84.73642751,73.02608074,78.36193352,78.43982809
01-Dec-2005,2007A,80.8112482,83.51687724,81.73302161,90.34869525,87.94498838,93.79395241,60.49309602,64.1910286,63.87167025,84.78600162,73.11785459,75.97287387,76.04839362
01-Jan-2006,2007A,80.3742969,81.74347341,79.99749631,90.63249542,93.17810141,95.43827132,59.17505137,63.87689412,63.55909863,86.62990621,71.22074848,76.74902691,76.82531819
01-Feb-2006,2007A,81.33464877,82.03864334,80.28636164,90.52639582,95.77435128,97.94854257,61.73619817,63.43591636,63.12031479,86.2692336,87.20368882,80.63406521,80.71421836
01-Mar-2006,2007A,80.78777667,81.57133069,79.82903042,88.37315967,94.08359782,98.17272048,59.79922282,63.36541183,63.05016102,86.91243659,86.28237763,80.66669627,80.74688185
01-Apr-2006,2007A,79.7693065,80.36299369,78.64650256,87.08304055,91.74743309,98.7467202,60.8010765,63.42564346,63.110093,86.99499007,86.3399875,80.63289982,80.71305181
01-May-2006,2007A,82.30369679,83.71167032,81.92365406,94.58291567,92.14096191,100.0782327,84.79769961,63.68873785,63.37187845,89.5001628,87.45467131,79.3062919,79.38512519
01-Jun-2006,2007A,85.81933006,88.88095888,86.98253064,95.38810102,92.69894456,98.52045692,89.43662282,64.27353621,63.95376738,89.6541366,87.23249375,81.69612848,81.77733735
01-Jul-2006,2007A,88.67262973,92.80900783,90.82667951,96.84029867,93.95195473,98.49647509,93.44840485,64.63222264,64.31066929,92.15552825,89.87093605,82.96446665,83.0469363
01-Aug-2006,2007A,92.20336976,95.36682932,93.32986792,99.27863683,96.06744723,98.95004435,93.30236306,77.01485226,76.63169379,92.16876201,89.16197749,84.27708983,84.36086428
01-Sep-2006,2007A,96.99702383,90.39447966,88.46372378,97.92212409,96.52659753,97.8077797,92.4577314,136.330038,135.6517791,91.34553781,88.90563594,88.73550246,88.82370872
01-Oct-2006,2007A,91.27153483,88.2221911,86.33783362,97.92212409,96.52659753,98.39116361,93.25886496,101.5745454,101.0691994,93.88284967,87.88808503,89.59983705,89.68890249
01-Nov-2006,2007A,92.46720875,89.93741927,88.01642585,102.207767,96.93813224,100.2424561,92.40672158,101.2551122,100.7513555,91.95597147,90.78822794,90.57099951,90.66103032
01-Dec-2006,2007A,93.61597754,91.93899565,89.97525011,99.71084626,96.8316974,101.0234294,93.11160033,101.3629236,100.8586305,88.97333291,90.02411576,90.18020373,90.26984608
01-Jan-2007,2007A,99.77,86.94518775,99.73,98.85,99.73,100.93,100.55,99.58,100,99.9,99.9,101.53,99.45
01-Feb-2007,2007A,99.34,83.1630548,99.73,99.5,99.74,99.07,100.4,99.69,99.79,99.99,99.9,101.01,99.57
01-Mar-2007,2007A,98.9,82.78777413,99.73,99.36,99.74,99.65,99.93,99.74,100,99.96,99.93,100.54,99.69
01-Apr-2007,2007A,98.09,82.64638821,99.4,99.1,99.8,99.5,99.8,99.6,100,99.9,99.9,100.1,99.7
01-May-2007,2007A,98.74,85.5451572,99.4,99.1,100.3,99.9,100.1,99.4,100,99.9,100,100.6,99.9
01-Jun-2007,2007A,98.92,90.87061402,99.5,99.5,99.8,99.6,100.4,100.4,99.8,100,99.9,101,99.9
01-Jul-2007,2007A,100.34,94.95721548,99.6,100,100.1,99.8,99.2,100.4,99.8,100,100.3,101,100.1
01-Aug-2007,2007A,100.62,91.67958945,99.8,100.1,100.2,100,99.2,100.4,99.8,100,100.3,101,100.1
01-Sep-2007,2007A,101.42,97.18243434,100.6,100.5,100.2,100.1,100.3,98.4,100,99.9,99.9,99,100.1
01-Oct-2007,2007A,101.03,104.0593215,100.8,101,100.2,100.3,100.1,100.7,100,100.1,99.9,100.5,100.4
01-Nov-2007,2007A,100.94,100.7712048,100.8,100.8,100.1,100.5,99.9,100.1,100,100,100,100.1,100.5
01-Dec-2007,2007A,101.78,103,100.8,100.6,100.2,100.5,99.8,100.5,100,100,100,100.6,100.7
01-Jan-2008,2007A,106,106.1,107,102.9,115.3,103.2,101.4,100.7,98.7,101,100.2,102.8,103.9
01-Feb-2008,2007A,106.6,106.3,114.4,104.3,115.3,103.6,106.1,100.9,99.1,102.2,100.1,110.6,103.5
01-Mar-2008,2007A,106.6,105.9,107.2,104.4,117.2,104.3,103.8,101.6,99.1,102.7,100.1,112.6,100.9
01-Apr-2008,2007A,109.6,110.8,115.3,106,116.8,104.9,108.3,102.2,99.1,102.7,100.1,115.8,105.5
01-May-2008,2007A,110.7,112.3,115.4,105.9,117.2,104.6,106.2,102.6,98.7,102.6,100.4,116.4,112.9
01-Jun-2008,2007A,115.8,121,110.1,107.3,118.5,107.4,110.5,104.2,99.9,102.8,100.4,121.5,105.9
01-Jul-2008,2007A,119.4,127.7,110.4,107.7,118.9,107,110.5,104.3,99.9,102.9,100.5,121.6,106.6
01-Aug-2008,2007A,122.5,133.3,113.3,108.2,119.5,107,110.5,104.3,99.9,102.9,100.5,121.6,106.3
01-Sep-2008,2007A,120.867,129.6436073,108.6943881,110.4070434,119.7233819,107.018703,110.5491211,104.2780172,99.91989079,102.9104074,100.4804045,122.1560239,112.9477319
01-Oct-2008,2007A,118.6090335,124.7851834,107.0612218,111.2343669,119.1538679,109.7949823,110.6615417,104.3672359,99.08397605,106.9799575,101.2448678,126.6706581,111.6862133
01-Nov-2008,2007A,117.8251104,123.0935069,106.0567889,110.9456095,119.2036494,110.1387815,109.0803687,104.5085632,98.77760685,107.8219903,100.5167098,130.8672689,112.2760304
01-Dec-2008,2007A,116.9385986,121.6743107,105.7074305,111.0475504,119.0399864,111.1389527,105.7043902,104.3856573,98.63129266,108.1572446,100.6197325,123.3948732,113.0795987
01-Jan-2009,2007A,117.9503979,119.1968096,106.1340205,114.2496374,118.9649946,110.6702238,114.4520009,105.3315954,106.2110349,105.8709757,114.3987296,150.8979844,116.0502954
01-Feb-2009,2007A,118.3649708,119.896539,106.1994434,114.524358,125.7146618,111.9157309,114.5273738,105.1386255,105.6694129,106.5129509,114.8813205,145.7963199,116.1797525
01-Mar-2009,2007A,118.2331294,119.7244303,106.2404268,113.8812082,125.7417866,112.0060365,112.9337143,105.1612955,108.4363623,106.0246884,114.8813205,145.9131292,114.4425579
01-Apr-2009,2007A,118.9790364,121.2580208,105.9519325,113.6280334,125.4464751,112.4343249,112.9138953,104.8533517,108.2676544,105.967243,114.8375077,143.9693092,115.8016105
01-May-2009,2007A,120.5173482,123.4620428,116.6263747,113.8440944,125.0452604,113.3816556,114.8583702,106.724933,105.4687912,106.2379275,118.0615969,145.9110038,116.3462247
01-Jun-2009,2007A,127.2176583,134.0905211,117.267735,117.051907,126.4281947,115.9753684,120.5452042,108.9679718,105.4728284,107.6750628,121.2088545,150.9715867,119.3504999
01-Jul-2009,2007A,131.1743593,139.160197,117.51945,118.2226177,131.4495852,118.1711064,120.8148534,108.9975433,105.6202349,108.507281,122.0198309,161.8311698,121.8128911
01-Aug-2009,2007A,135.3174377,145.9948332,119.9955982,119.5230222,131.8752018,119.9684422,121.1594701,109.369739,106.0153974,111.5150036,122.0353073,169.8336433,121.0259909
01-Sep-2009,2007A,136.6005968,147.9764572,119.9955982,122.6337886,131.8799611,119.9450996,121.2435661,109.3675419,106.0072489,113.878606,122.061808,167.5429807,124.5520742
01-Oct-2009,2007A,133.8931238,142.8187255,119.9955982,122.8949561,131.6523127,120.5594965,121.2435661,109.3729734,105.273162,113.6501386,122.0605,167.5480318,125.1268929
01-Nov-2009,2007A,134.9080078,143.7048626,119.9955982,124.2092851,131.6627105,120.8475844,121.3062722,109.3729284,105.273162,113.659621,122.0605,185.3769747,127.4782047
01-Dec-2009,2007A,132.6633386,139.3240748,119.9955982,124.3504402,131.739039,120.8341754,121.3062722,109.3754464,105.4423022,114.2711558,122.0605,186.9697784,127.6029898
01-Jan-2010,2007A,135.1958197,141.5694504,120.101831,124.9736041,140.603988,120.9153292,121.705434,109.3910805,105.9407015,113.8523218,121.9118488,188.8651891,128.0351783
01-Feb-2010,2007A,135.3066275,141.444345,120.101831,127.0785203,140.5942466,121.4508621,121.8045859,109.412512,107.6244294,114.0083467,121.9118488,188.9231868,128.428221
01-Mar-2010,2007A,135.7359793,141.7477451,120.5479485,128.5013534,140.9660932,123.6304759,122.6611095,109.0609313,109.8030842,114.0890455,118.748049,188.5223959,131.3237078
01-Apr-2010,2007A,136.9142573,144.2205569,120.6416645,128.3500528,140.5620922,125.1839638,122.5513167,109.0819721,110.0295599,113.9413976,116.129936,183.5266706,131.6955788
01-May-2010,2007A,138.8919098,147.6593244,126.1385775,127.6907034,140.542543,124.62567,123.1861388,109.3326925,109.765927,114.7409337,119.320769,185.3087945,132.6322727
01-Jun-2010,2007A,147.0359359,158.9941631,126.1930144,128.1292754,140.6403629,125.2312548,123.5699399,110.8368114,109.7666348,117.7032246,182.7119631,190.5872952,134.0911344
01-Jul-2010,2007A,148.2610254,161.2298132,126.1930144,128.4529966,140.6965112,125.2269325,123.5699399,110.8381499,109.7666348,118.2831426,182.4830672,190.5872952,134.3689631
01-Aug-2010,2007A,149.3207992,163.0293563,126.1930144,129.8338993,140.9107012,126.3091234,124.3040182,110.8403903,109.7716505,118.3257419,182.4830672,191.7322451,131.0386322
01-Sep-2010,2007A,149.2044428,161.934524,126.1930144,131.0775048,141.1467524,128.7459549,124.6486116,110.9656456,110.8796787,118.44272,183.0549511,194.3593102,134.6600405
01-Oct-2010,2007A,146.8347985,157.3882724,126.1930144,131.3605439,141.2340814,128.909312,124.7257142,110.8448585,110.8907416,118.7586863,183.0549511,194.3593102,134.6723495
01-Nov-2010,2007A,148.1041497,159.5827367,126.1930144,134.8175498,140.7375835,129.0710833,124.6341289,110.847374,110.8783264,119.1429947,183.0549511,194.3593102,134.800256
01-Dec-2010,2007A,153.0294122,166.7910689,126.2430551,139.7505608,141.4923268,133.7962219,131.3556092,111.5755644,111.0053024,119.3749163,183.0549511,203.3586514,139.2884972
01-Jan-2011,2007A,157.8,169.5,135.2,141.8,149.8,139.5,139.5,120.9,111.6,133.5,183.1,214.2,146.8
01-Feb-2011,2007A,158.2,169.6,135.6,143.7,150.6,142.6,140.9,121.1,112.3,123.7,183.1,217.8,147.5
01-Mar-2011,2007A,158.9,170.6101366,135.62209,143.2590595,151.2454108,143.650961,140.928579,121.0988803,112.3016336,123.7864687,183.0822831,217.7760075,148.0321591
01-Apr-2011,2007A,159.74369,171.3717567,136.8613727,143.092284,151.0506629,145.8064815,142.3744328,121.6364898,112.3081598,125.2435345,183.0822831,217.7845979,148.12035
01-May-2011,2007A,162.1763892,175.4119852,137.7,145.0540235,151.3685304,148.3060321,144.8028404,121.7372165,118.6664236,125.9,185.868309,215.4454071,149.3728964
01-Jun-2011,2007A,169.2,184.9,137.8,145.7,158.6,150.2,147.4,123.7,118.6664236,126.1,204.3,218.3,150.2
01-Jul-2011,2007A,174.4,194.2039139,138.0208121,146.6454238,159.2027669,150.9396786,150.9925564,124.0823859,118.6744538,126.1398789,204.3478036,218.7695477,151.5981476
01-Aug-2011,2007A,180.9,204.1370068,138.0208121,157.9414283,159.950704,155.9149497,152.8420632,124.1323133,118.6807334,126.5183997,204.6011587,218.9319013,160.1637836
01-Sep-2011,2007A,180.1315978,200.6109027,138.8345972,162.0924651,160.1095785,159.1636696,154.4457509,130.3038193,118.6807334,126.6852346,206.6140718,219.725695,163.559643
01-Oct-2011,2007A,175.940708,190.7929303,139.6520357,164.7688937,161.0532494,160.8180548,156.9356849,136.7381021,118.6807334,127.1435305,206.6140718,221.1840126,164.3954142
01-Nov-2011,2007A,176.4549623,191.2697279,140.1716727,166.1688973,161.2439191,161.9605137,158.674211,136.7925785,118.6817108,127.6380982,206.6140718,223.0029832,164.9753717
01-Dec-2011,2007A,181.9436582,200.4449395,144.8876096,170.9707943,161.6029414,163.8488482,158.9340052,136.9046761,115.4825232,127.9046409,207.6112279,224.0891413,172.1417811
01-Jan-2012,2007A,188.2913252,208.5984418,169.7042416,177.2779906,170.8809457,165.3260733,159.2330329,137.0723946,115.7023316,131.1921548,207.6112279,225.4457172,173.552869
01-Feb-2012,2007A,191.8726807,212.0895259,173.4197403,189.1637206,171.0524702,175.7333844,159.5459832,137.2217633,123.6318808,133.7979473,207.6112279,229.3319634,178.7187125
01-Mar-2012,2007A,194.5234718,215.4825089,174.6132739,190.3491613,171.0130339,186.0231115,160.399784,137.1692915,123.6407293,134.5777649,207.6112279,229.4689463,181.2647322
01-Apr-2012,2007A,205.4468432,230.9004163,193.4999803,196.5554731,171.4448213,193.4557285,169.203364,141.3318493,127.7573655,174.7033827,208.1753262,232.5502994,192.812391
01-May-2012,2007A,211.5352815,239.8482896,196.2413477,205.5687607,171.7577196,199.1820562,172.2889878,141.6544519,128.1112271,176.062157,213.2050802,237.6540652,198.2816488
01-Jun-2012,2007A,232.0240556,261.8846613,201.2650165,214.3569972,174.3284834,208.632324,217.2140495,211.2327065,129.6786047,205.2170785,213.9072979,243.3858236,210.0769109
01-Jul-2012,2007A,247.0064444,278.0943571,202.3430704,221.8455744,178.5158027,221.1404443,232.0346478,238.2333671,183.8076271,211.594266,235.9528882,249.7942258,226.1318903
01-Aug-2012,2007A,256.9843274,289.0308288,203.9623764,249.1053191,181.1295511,232.5650185,234.2078053,244.3422804,186.3912471,258.7544171,235.9987958,253.873692,228.8846811
01-Sep-2012,2007A,255.0755086,283.8546957,203.9623764,253.2970531,181.6163014,235.1776108,234.79331,245.5539995,186.2198756,262.9136595,237.4777586,257.1614935,231.8726856
01-Oct-2012,2007A,255.5586235,283.5456345,211.2301094,274.5341949,182.7372334,239.1049528,236.1934277,232.7347578,176.1968211,269.5798567,234.7643576,264.3032393,239.0559603
01-Nov-2012,2007A,258.5878835,287.5388498,211.436625,277.8860933,185.8708312,241.4890629,240.6214893,232.7784201,176.756942,270.4769997,234.8495818,264.9004487,241.4390916
01-Dec-2012,2007A,262.7926525,293.2621424,211.6904657,287.5584765,186.4127446,246.465647,242.6792683,232.9985136,178.3961835,260.4747889,237.653167,276.8991127,246.255811
01-Jan-2013,2007A,270.443388,299.4871471,214.5672458,299.8516246,194.8349389,267.2099362,256.2318392,233.9627206,178.554285,275.6008275,237.6741324,289.1331745,258.7167178
01-Feb-2013,2007A,281.7475105,307.588911,218.9596247,315.1075241,196.5506103,290.6375448,272.3184546,259.1996028,181.2673013,322.1053194,237.8781186,308.4649951,283.5767912
01-Mar-2013,2007A,287.6368045,315.4624667,223.611303,325.4419534,198.0435545,295.1254027,277.7246552,260.23023,181.3212189,334.9598169,239.9858335,311.5490284,289.273672
01-Apr-2013,2007A,290.5924523,316.1452319,224.5986166,331.6674494,199.8792849,307.5425191,290.6470398,264.8839273,186.2006564,333.0402152,251.6484926,319.5702621,294.4673403
01-May-2013,2007A,290.3551752,315.7038068,224.8443213,334.3373168,201.6540989,312.0897079,291.8750154,253.4241778,186.7171595,337.0034017,251.8658592,323.4323345,296.848044
01-Jun-2013,2007A,294.8119458,319.2943802,225.7200612,336.702111,202.0144154,320.3140642,295.255373,261.601977,187.7642618,356.2512326,253.540282,331.3389792,313.6572097
01-Jul-2013,2007A,305.8480242,333.2318157,225.7200612,341.3400125,206.6879043,328.2933483,298.1401397,276.7949431,189.4031579,377.2685425,261.4033605,335.9140652,318.8232553
01-Aug-2013,2007A,315.7298438,348.6714782,226.987886,348.6607493,208.3101207,332.4724179,310.9943218,281.0791087,189.5037891,377.206176,270.5334855,340.2008644,319.8396713
01-Sep-2013,2007A,330.191597,357.1911076,260.4389677,370.6152031,219.8093067,352.9771746,320.2789088,315.377159,198.4502394,394.6264551,299.5485319,370.5524164,347.3873913
01-Oct-2013,2007A,358.5076711,368.6416466,285.4326758,399.6568104,230.3959144,389.6447029,338.8174059,475.4556305,209.298807,426.5477849,324.051315,390.762329,392.8508336
01-Nov-2013,2007A,368.8310989,375.2022237,297.763029,415.2136248,241.0576003,415.3952176,341.3353609,498.7951868,214.7196617,432.0233926,330.2744328,399.2954639,401.7421119
01-Dec-2013,2007A,372.91041,377.9895604,306.734141,427.8412119,241.4076574,420.9658547,343.7837361,501.8224191,216.7297612,454.2012974,331.0832406,427.0631281,404.9512346
01-Jan-2014,2007A,381.1128908,376.679245,313.0241675,469.1567221,244.8804305,466.8355933,370.105488,515.8667132,232.1488499,470.1714073,338.4098599,446.821829,429.1072598
01-Feb-2014,2007A,386.0388295,380.5571441,313.0241675,475.6827158,246.8012271,466.5643628,382.0788482,528.9541401,233.0137167,499.5264763,339.6649789,460.3112103,433.2218344
01-Mar-2014,2007A,390.1959237,382.2457152,313.0241675,479.9129211,245.1020206,470.6400715,383.3825684,550.5926186,233.2812346,503.2275333,344.4016779,461.0143814,470.593735
01-Apr-2014,2007A,400.2320575,396.4093277,323.2156526,487.7255188,246.8485073,472.5347687,384.0254178,553.5116694,283.6357202,506.5932561,352.8611215,472.4101017,474.1377453
01-May-2014,2007A,409.983001,413.7827113,323.2040976,490.5809147,247.5340593,473.8033958,385.5293742,554.7143783,285.0366501,508.8412352,353.8801321,472.4196926,475.364309
01-Jun-2014,2007A,428.3205615,442.5541921,325.9714013,496.9531326,248.8738236,493.0702685,400.1273782,556.7109286,286.157877,512.3961145,382.2878274,474.0816836,478.3315967
01-Jul-2014,2007A,448.854286,471.4143052,328.4723826,567.6964144,250.8995581,500.769615,403.491596,565.1250008,287.3369504,516.6171091,383.6591388,477.1826019,488.5043333
01-Aug-2014,2007A,462.2417156,494.4530918,330.0573093,571.3809827,254.6334057,504.0874176,404.7200234,565.5368595,287.4214977,522.086697,384.4221186,479.2852335,489.6313529
01-Sep-2014,2007A,459.5122909,482.2045589,334.4026549,574.5982333,258.5733368,504.5330469,405.4103149,580.2030917,289.5547707,597.4447824,385.2194617,480.7700399,489.1565167
01-Oct-2014,2007A,459.7548738,482.225097,337.7438007,574.9312397,259.0969474,503.9440133,406.0240859,580.3916768,289.915418,598.3391684,385.2194617,484.2760618,490.4087713
01-Nov-2014,2007A,463.2284007,481.6833332,345.0556881,575.3633145,260.5747503,505.5734944,406.2744886,596.252253,290.6841286,600.3546773,445.8217818,487.3349647,500.7130874
01-Dec-2014,2007A,468.6279488,482.0730119,349.1256775,587.174555,283.5233308,506.6236633,406.9098995,601.4711136,290.7201176,635.4089926,445.8217818,488.9743686,502.4979747
01-Jan-2015,2007A,472.5200233,468.0771937,361.5068135,621.6411835,292.3555285,549.9684177,432.1488995,636.7027821,291.4377262,648.0127512,476.0342602,516.5403149,520.8465884
01-Feb-2015,2007A,474.6987813,468.3772458,362.2297493,632.9149031,292.585795,551.7183636,433.7477098,637.2539097,297.3531284,693.0783812,476.113013,522.2952596,522.9727197
01-Mar-2015,2007A,480.6606467,477.3029437,363.6166935,636.6694045,293.5757996,554.7092925,436.6054535,638.5530517,297.8589129,693.905713,489.9970493,526.7455794,525.7870586
01-Apr-2015,2007A,485.0865293,482.4923362,363.6166935,639.1119561,295.2101614,551.3349419,437.0785192,640.1694325,359.0704357,701.525069,490.2256148,531.9917114,530.3286277
01-May-2015,2007A,491.0059264,491.7817758,374.4692034,644.7520565,296.4423077,551.7945597,437.6225095,642.4667873,359.1112463,701.7306905,493.0739382,538.8286013,531.6663239
01-Jun-2015,2007A,506.5250789,515.5849991,383.7152858,654.3113282,299.7313076,558.1962745,441.4778584,646.9568715,369.6282372,704.3560763,508.3106167,553.3609083,536.9037424
01-Jul-2015,2007A,512.1100912,519.5678799,383.9282609,676.6754457,301.2089025,562.3978742,444.8019384,658.1819572,371.7100357,728.1279482,514.8150286,559.6394962,541.1646876
01-Aug-2015,2007A,514.5345854,521.0323132,435.3280481,688.0554003,301.3893747,564.4402243,446.7105372,658.8869091,373.6663815,728.2608436,515.0394802,575.8282887,545.9825642
01-Sep-2015,2007A,521.817508,523.0962688,437.360528,704.4253358,324.4876092,574.8483525,447.2927898,664.2124606,375.2787881,764.1507699,515.7709227,577.7083162,550.0972447
01-Oct-2015,2007A,521.2271312,516.0595048,441.8505435,706.6678681,326.0904464,577.3383972,447.2927898,682.2747579,435.8517527,764.2066013,515.7709227,578.98558,552.2107383
01-Nov-2015,2007A,522.5407419,514.6159229,442.5734792,726.7221809,328.2090948,577.6977159,447.7010889,690.7647489,443.2991499,764.1313087,515.7785285,578.98558,552.2782491
01-Dec-2015,2007A,527.5887679,519.928432,450.7735531,728.3699996,328.8488644,578.6733344,449.2049511,713.7293856,443.3209472,764.1336174,515.7815708,578.98558,552.9658595
01-Jan-2016,2007A,531.3063475,514.4795823,457.6628232,742.3339134,331.5822657,603.8516449,454.3900063,719.5569977,459.1193494,772.381898,534.1302138,628.1858489,598.7471279
01-Feb-2016,2007A,536.1379362,509.2735469,470.6077753,759.7674559,345.2930887,626.7967393,472.8102391,745.5654723,475.6378911,779.4129088,534.9294123,644.4293806,599.0803282
01-Mar-2016,2007A,536.8950421,505.2957411,470.6077753,763.2792312,346.1954865,628.65787,478.7288394,756.7023339,481.2655005,792.2884791,563.4118334,646.3059333,609.0339611
01-Apr-2016,2007A,547.4131045,520.0191626,470.7605494,767.9046127,347.2382286,631.9964279,481.4239148,758.4251586,482.2597931,875.3677547,557.2790479,647.762853,618.2561593
01-May-2016,2007A,559.6629628,539.0012826,477.462368,774.9457755,348.5219077,639.4748918,486.5431234,758.5033784,484.9964406,889.4972137,567.1324133,653.7965751,630.6953891
01-Jun-2016,2007A,579.009749,561.4040006,478.7437574,808.0957516,350.2316522,649.6629531,491.7381148,759.9687955,498.0135782,902.617267,711.7826337,663.5839274,638.7112689
01-Jul-2016,2007A,596.5887805,582.0752215,496.2126038,815.3361415,353.4259087,652.7796327,519.063489,805.1962485,498.639784,898.3179668,737.5718881,675.7868177,661.2802981
01-Aug-2016,2007A,607.9159638,596.4735461,543.1836413,820.4840816,353.6525651,655.8557569,523.4676057,817.7003919,521.61765,943.9139221,740.4499406,676.915697,673.590711
01-Sep-2016,2007A,617.4015931,603.51,559.35,835.71,370.4,670.73,528.75,829.33,521.62,944.05,756.36,676.94,677.63
01-Oct-2016,2007A,623.3915088,610.9565592,560.5916731,842.8845215,372.2989976,670.9781477,530.6313401,839.1210189,529.1190763,946.5134036,757.0907785,688.0501313,683.1608063
01-Nov-2016,2007A,676.6205454,649.2088009,604.7569739,878.786134,387.1055733,736.4161634,739.1962701,1039.148911,544.9465877,1016.625696,770.9945374,786.1139945,731.6797109
01-Dec-2016,2007A,688.3686412,658.4724691,616.0484199,892.2487281,388.8019857,748.9639114,744.3085295,1083.923563,548.0882153,1022.63491,775.4558373,814.0366064,744.31124
01-Jan-2017,2007A,705.914929,656.5972461,618.2437608,899.8406652,391.3509852,760.1547869,766.913737,1243.454897,548.1571659,1053.467637,775.909681,880.2734703,794.4712393
01-Feb-2017,2007A,715.9241648,669.5111847,621.9280266,908.6047317,394.5326554,772.0488771,793.975515,1245.049971,568.4641056,1068.538254,775.9167275,883.808722,807.0176041
01-Mar-2017,2007A,723.0758561,680.0445951,621.9893858,912.6324446,397.6347166,777.1913539,803.5464476,1245.637125,571.0144909,1069.993609,779.3764422,885.5303807,816.5927856
01-Apr-2017,2007A,737.9820487,706.1013541,624.0673621,915.1385569,399.446171,780.2204728,804.6486999,1245.991736,574.5130816,1070.281982,779.3780491,901.5871873,819.0509551
01-May-2017,2007A,758.4583486,740.9152855,624.0673621,917.6873839,405.6934049,785.6269667,806.8864892,1246.331075,575.6783928,1084.145499,779.510008,912.5290312,821.435883
01-Jun-2017,2007A,767.9344431,751.8817519,624.9646891,943.8249786,407.6048084,791.1489991,808.4227979,1260.57716,575.7934387,1088.123236,779.9656982,931.2775474,825.3364482
01-Jul-2017,2007A,800.7792485,802.537224,629.9623344,972.4159324,409.204678,806.3501325,812.5327107,1265.998161,576.5504746,1182.445516,784.1419253,936.4389792,848.7894031
01-Aug-2017,2007A,818.292408,829.6428408,632.2889787,979.7399893,411.0640375,813.9463534,837.919304,1269.127651,581.5851014,1189.224779,784.2276274,981.1392518,859.5062451
01-Sep-2017,2007A,834.2932222,853.579968,642.223049,986.0740392,414.5022713,822.80875,849.0091884,1270.447694,581.776735,1191.592268,784.4136187,1020.717001,886.587739
01-Oct-2017,2007A,829.601831,835.2397093,642.223049,990.0378984,436.2136502,827.4461222,855.6654565,1270.944422,586.3699727,1240.960168,784.4136187,1023.266122,890.1466162
01-Nov-2017,2007A,844.1500904,853.0448134,645.1386002,995.9698947,442.7103292,845.4678197,866.1610623,1273.941109,592.613295,1245.885711,785.1138649,1103.833729,900.6026463
01-Dec-2017,2007A,861.5014374,867.2845461,646.152966,1001.797757,449.3871984,861.6699871,867.8844304,1325.717885,599.9289668,1364.5455,789.1285967,1105.442975,910.0072342
01-Jan-2018,2007A,1075.575496,1025.679599,693.5825471,1146.220205,474.4294854,1294.667838,1241.791017,2048.151429,750.5624704,1756.371639,829.8413132,1427.258804,1156.460709
01-Feb-2018,2007A,1104.989165,1058.34661,784.5450562,1169.534224,474.7122334,1321.645194,1265.667257,2074.587681,891.9961135,1820.83121,830.1050614,1473.322744,1204.989374
01-Mar-2018,2007A,1125.12989,1089.385246,817.1335626,1177.659425,475.1945301,1333.391516,1268.227121,2087.710429,894.941343,1824.396189,830.1954538,1486.260121,1232.03911
01-Apr-2018,2007A,1163.411811,1135.186241,819.8788164,1200.802712,478.9352202,1361.31149,1275.14915,2187.945755,895.496295,1868.688862,830.2077105,1506.494583,1257.01904
01-May-2018,2007A,1220.613525,1222.211532,831.779081,1260.177704,482.381975,1399.912502,1285.185653,2226.874735,916.5234461,1880.999664,836.2666021,1517.706798,1289.905772
01-Jun-2018,2007A,1258.313418,1271.298632,831.7820207,1430.551138,482.381975,1400.713485,1286.088025,2226.874735,916.5234461,1887.519933,961.6326047,1517.706798,1304.720478
01-Jul-2018,2007A,1312.797913,1371.965551,840.7788384,1456.535426,482.381975,1400.713485,1286.088025,2226.874735,916.5234461,1887.669028,961.6326047,1517.706798,1304.720478
01-Aug-2018,2007A,1365.05349,1448.082785,854.0039963,1533.548586,495.6295737,1423.263047,1300.373765,2231.715183,932.2753138,2032.316261,961.7194837,1541.897843,1320.307323
01-Sep-2018,2007A,1406.938123,1491.285494,858.8140943,1567.102871,533.4641027,1470.279685,1304.230884,2240.935779,943.3270027,2046.467733,961.7403834,1827.568335,1363.126798
01-Oct-2018,2007A,1397.381924,1472.432407,836.5729022,1583.191385,535.3650853,1483.909664,1306.070196,2202.628202,949.0974761,2066.354592,961.7403834,1842.09163,1398.904654
01-Nov-2018,2007A,1426.034167,1518.449469,836.8005838,1590.517023,540.1846285,1488.193496,1310.971086,2202.750847,949.1025537,2176.574476,961.8107967,1855.452578,1406.160949
01-Dec-2018,2007A,1489.840736,1623.610868,889.9001364,1602.135742,550.6714025,1505.721814,1322.260444,2203.983617,949.4167337,2180.816382,961.8107967,1996.812406,1447.854377
01-Jan-2019,2007A,1542.95927,1655.043178,1011.41772,1835.615965,582.1754339,1672.520312,1381.942193,2214.650027,975.8119952,2223.883515,991.8621583,2063.849985,1595.969503
01-Feb-2019,2007A,1594.431531,1714.965958,1041.331532,1880.477422,595.0140371,1712.592154,1396.110421,2220.469754,1423.474245,2284.192139,992.496416,2164.079949,1644.117831
01-Mar-2019,2007A,1635.954544,1760.723015,1045.9343,1906.60696,604.5958944,1891.840999,1421.99784,2224.921631,1043.773122,2320.581759,1023.245171,2382.616127,1701.853178
01-Apr-2019,2007A,1681.776722,1841.720071,1066.138775,1911.086746,609.2946042,1908.77166,1431.916034,2234.729571,1046.387659,2322.410849,1023.2588,2362.933079,1711.525452
01-May-2019,2007A,1769.315987,1930.440739,1067.927166,2588.086488,618.3240375,1979.724546,1447.700439,2257.324642,1055.953208,2339.91152,1040.468997,2363.660204,1735.234319
01-Jun-2019,2007A,1859.545313,2039.010819,1390.766413,2763.088225,629.802898,2036.198945,1464.47504,2277.303154,1045.100934,2429.62169,1409.148194,2417.89076,1820.29238
01-Jul-2019,2007A,2003.2222,2244.42741,1444.515413,2856.97804,639.8252811,2133.408941,1532.497523,2332.476856,1067.559426,2992.504072,1414.198439,2485.09251,1914.275368
01-Aug-2019,2007A,2090.33163,2344.792513,1647.716884,2923.382808,661.8602626,2228.037398,1548.536146,2363.4974,1086.084791,3579.774889,1414.316255,2541.693611,2012.544993
01-Sep-2019,2007A,2160.061513,2400.240769,1673.073081,2922.824338,769.217787,2368.636435,1568.16773,2424.867781,1100.353775,3865.447451,1414.316255,2605.046165,2089.958754
01-Oct-2019,2007A,2203.65988,2455.179922,1722.95132,2946.628235,772.7533147,2395.578317,1592.039967,2441.194046,1113.755896,4012.132484,1414.316255,2654.233455,2263.595692
01-Nov-2019,2007A,2291.198775,2582.769242,1745.217918,2988.621167,788.2754409,2433.551972,1603.829326,2540.752537,1155.135355,4016.51097,1414.442828,2708.510781,2368.18849
01-Dec-2019,2007A,2339.210054,2651.026066,1756.12741,3033.502156,803.8208924,2465.151999,1616.362815,2546.301095,1171.134763,4045.841015,1414.51604,2770.529818,2463.733176
01-Jan-2020,2007A,2534.8,2776.1,1811.8,3286.6,830,2825.1,1667.3,3210.9,1318.8,4681,1423.5,3096,2805.2
01-Feb-2020,2007A,2732.189451,3020.533631,1916.001576,3538.914212,881.8662446,2949.21515,1679.825368,3410.958001,1332.565539,5507.913349,1423.606187,3139.269301,2943.478742
01-Mar-2020,2007A,1635.954544,1760.723015,1045.9343,1906.60696,604.5958944,1891.840999,1421.99784,2224.921631,1043.773122,2320.581759,1023.245171,2382.616127,1701.853178
01-Apr-2020,2007A,1681.776722,1841.720071,1066.138775,1911.086746,609.2946042,1908.77166,1431.916034,2234.729571,1046.387659,2322.410849,1023.2588,2362.933079,1711.525452
01-May-2020,2007A,3790.386185,4410.148905,2454.017023,4936.751906,1104.436678,3587.040093,1998.355724,5065.612596,2199.077959,5603.973584,1424.033179,3805.041325,3242.09201
01-Jun-2020,2007A,4395.266573,4851.671635,2583.787294,5784.076611,1178.100651,4061.72824,2181.05614,6528.559077,2301.584058,11512.81449,1424.04383,4061.102466,4238.761701
01-Jul-2020,2007A,4883.466774,5307.346647,2637.801001,6165.29167,1225.107401,4340.866214,2293.578911,8544.108384,2442.868074,12437.50553,1424.499015,4335.882088,4439.864448
01-Aug-2020,2007A,5577.553845,5775.330642,3110.637351,7192.149527,1254.402573,5123.745932,2516.351494,11199.07591,2584.457537,15365.51524,1443.566497,5528.981351,5203.255053
01-Sep-2020,2007A,6745.757028,6615.161975,3538.242526,7797.361912,2434.423913,5695.755611,2772.694753,16531.59504,2644.695767,15572.08261,1452.574606,6439.796074,5708.845738
01-Oct-2020,2007A,7268.705992,7231.209276,4332.64933,8573.486027,2510.171927,6034.4724,3247.0317,16723.65634,3128.513242,17121.50989,1453.546316,7417.613615,7115.573684
01-Nov-2020,2007A,8118.594988,7829.234128,4440.455265,8971.745948,2584.784956,6372.941889,3292.023914,22264.62491,3171.316794,17601.79426,1515.923199,7510.618341,7233.873501
01-Dec-2020,2007A,8639.49695,8124.496186,5087.224771,9184.885446,2675.271151,6643.707758,3475.708526,25556.53704,3226.951119,17859.204,1516.875823,8458.268643,7790.967369
01-Jan-2021,2007A,10248.91029,9668.176052,6096.423649,10562.75588,3123.501669,8483.98613,4741.985642,29128.01701,3969.812462,19879.27076,4233.266338,10589.60404,9449.010166
01-Feb-2021,2007A,11769.66705,10934.07029,6381.399933,11417.31907,3586.054508,9711.157942,5039.552807,35804.63107,4084.891353,21982.58747,5046.554667,11262.78948,10007.14859
01-Mar-2021,2007A,13127.74075,11717.46658,6831.363749,13876.04879,3951.11817,11381.80811,5945.873646,41265.86404,6508.478684,24336.22905,5074.876601,13911.07261,11699.09401
